username,email,full_name
johndoe,john.doe@example.com,John Doe
janedoe,jane.doe@example.com,Jane Doe
bobsmith,bob.smith@example.com,Bob Smith
alicejones,alice.jones@example.com,Alice Jones
mikebrown,mike.brown@example.com,Mike Brown
sarahwilson,sarah.wilson@example.com,Sarah Wilson
davidtaylor,david.taylor@example.com,David Taylor
emmadavis,emma.davis@example.com,Emma Davis
chrismartin,chris.martin@example.com,Chris Martin
lisawhite,lisa.white@example.com,Lisa White
